{
  "run_dir": "experiments/v3-main-run/2026-04-24/run-05",
  "sealed_spec": {
    "rank": 1,
    "layer": "final",
    "step": 1,
    "bootstrap_n": 1000,
    "threshold": 0.6,
    "d_F": "lowrank32",
    "residualization": "linear"
  },
  "seed": 20260423,
  "per_model": [
    {
      "model": "Llama-3.2-3B-Instruct-4bit",
      "n": 200,
      "E18_sealed_rank1_lowrank32": {
        "auroc": 0.8956999999999999,
        "ci": [
          0.8528838633863386,
          0.9349666300685674
        ],
        "sign": 1
      },
      "E18_robust_rank1_topk32": {
        "auroc": 0.8965,
        "ci": [
          0.8534655448717949,
          0.9357972756410257
        ],
        "sign": 1
      },
      "E17_null_bare_rank32": {
        "auroc": 0.6232,
        "ci": [
          0.5382758600963469,
          0.6991069747740963
        ],
        "sign": 1
      },
      "E17_null_bare_rank1": {
        "auroc": 0.8134999999999999,
        "ci": [
          0.7495943509615385,
          0.86937362924351
        ],
        "sign": 1
      },
      "E17b_null_raw_rank1": {
        "auroc": 0.5859000000000001,
        "ci": [
          0.5066326054850409,
          0.6733673367336733
        ],
        "sign": -1
      },
      "E17b_head_to_head": {
        "auroc_a": 0.8134999999999999,
        "auroc_b": 0.5859000000000001,
        "delta": 0.2275999999999998,
        "delta_ci": [
          0.10152503759398503,
          0.3348021815888307
        ],
        "sign_a": 1,
        "sign_b": -1
      },
      "baseline_surprise": {
        "auroc": 0.6864,
        "ci": [
          0.6111323729912007,
          0.7601812258094991
        ],
        "sign": 1
      },
      "baseline_v1_cosine": {
        "auroc": 0.671,
        "ci": [
          0.5958646616541354,
          0.7443713722712579
        ],
        "sign": 1
      },
      "baseline_v2_lowrank32": {
        "auroc": 0.8000999999999999,
        "ci": [
          0.7391383057738357,
          0.8592148740684392
        ],
        "sign": 1
      },
      "baseline_v2_topk32": {
        "auroc": 0.8047,
        "ci": [
          0.7439793579357936,
          0.8647137899720305
        ],
        "sign": 1
      },
      "E18_rank_sweep_lowrank32": [
        [
          1,
          0.8956999999999999,
          1
        ],
        [
          2,
          0.6562,
          1
        ],
        [
          3,
          0.5803,
          -1
        ],
        [
          4,
          0.6902999999999999,
          -1
        ],
        [
          5,
          0.6852,
          -1
        ],
        [
          8,
          0.7074,
          -1
        ],
        [
          13,
          0.5206999999999999,
          1
        ],
        [
          16,
          0.5535,
          1
        ],
        [
          21,
          0.5275,
          1
        ],
        [
          32,
          0.5743,
          1
        ],
        [
          34,
          0.6433,
          1
        ],
        [
          55,
          0.7535000000000001,
          1
        ],
        [
          64,
          0.6299,
          1
        ]
      ]
    },
    {
      "model": "Mistral-7B-Instruct-v0.3-4bit",
      "n": 200,
      "E18_sealed_rank1_lowrank32": {
        "auroc": 0.8632,
        "ci": [
          0.8091730882466822,
          0.9103913188311312
        ],
        "sign": 1
      },
      "E18_robust_rank1_topk32": {
        "auroc": 0.8629,
        "ci": [
          0.8089692709619415,
          0.9102767791764468
        ],
        "sign": 1
      },
      "E17_null_bare_rank32": {
        "auroc": 0.5563,
        "ci": [
          0.477849161869312,
          0.6429556273820953
        ],
        "sign": -1
      },
      "E17_null_bare_rank1": {
        "auroc": 0.8054,
        "ci": [
          0.7387872457060094,
          0.8636182535546787
        ],
        "sign": 1
      },
      "E17b_null_raw_rank1": {
        "auroc": 0.5177,
        "ci": [
          0.4359818499857188,
          0.5956278843480679
        ],
        "sign": -1
      },
      "E17b_head_to_head": {
        "auroc_a": 0.8054,
        "auroc_b": 0.5177,
        "delta": 0.28769999999999996,
        "delta_ci": [
          0.20169516951695168,
          0.3757001769250995
        ],
        "sign_a": 1,
        "sign_b": -1
      },
      "baseline_surprise": {
        "auroc": 0.5296,
        "ci": [
          0.44230121975908493,
          0.6161985290488372
        ],
        "sign": 1
      },
      "baseline_v1_cosine": {
        "auroc": 0.5449999999999999,
        "ci": [
          0.4577836228078471,
          0.6280064885659065
        ],
        "sign": 1
      },
      "baseline_v2_lowrank32": {
        "auroc": 0.6910000000000001,
        "ci": [
          0.6153901477238468,
          0.7635211538138319
        ],
        "sign": 1
      },
      "baseline_v2_topk32": {
        "auroc": 0.6914,
        "ci": [
          0.61630787515006,
          0.7638239665422526
        ],
        "sign": 1
      },
      "E18_rank_sweep_lowrank32": [
        [
          1,
          0.8632,
          1
        ],
        [
          2,
          0.8686999999999999,
          1
        ],
        [
          3,
          0.5181,
          1
        ],
        [
          4,
          0.7222,
          1
        ],
        [
          5,
          0.7295999999999999,
          1
        ],
        [
          8,
          0.6127,
          1
        ],
        [
          13,
          0.9169999999999999,
          1
        ],
        [
          16,
          0.8672000000000001,
          1
        ],
        [
          21,
          0.8713,
          1
        ],
        [
          32,
          0.5273,
          -1
        ],
        [
          34,
          0.5106999999999999,
          -1
        ],
        [
          55,
          0.9406,
          1
        ],
        [
          64,
          0.9019,
          1
        ]
      ]
    },
    {
      "model": "Qwen2.5-7B-Instruct-4bit",
      "n": 200,
      "E18_sealed_rank1_lowrank32": {
        "auroc": 0.7445,
        "ci": [
          0.6742758075842696,
          0.8060030350404773
        ],
        "sign": 1
      },
      "E18_robust_rank1_topk32": {
        "auroc": 0.7394999999999999,
        "ci": [
          0.6694520775385809,
          0.8018407018540243
        ],
        "sign": 1
      },
      "E17_null_bare_rank32": {
        "auroc": 0.9416,
        "ci": [
          0.8998214799569613,
          0.9773253529749514
        ],
        "sign": -1
      },
      "E17_null_bare_rank1": {
        "auroc": 0.7665,
        "ci": [
          0.6927607798350425,
          0.8361676046888254
        ],
        "sign": -1
      },
      "E17b_null_raw_rank1": {
        "auroc": 0.9323,
        "ci": [
          0.8937074040142373,
          0.9662158112288485
        ],
        "sign": 1
      },
      "E17b_head_to_head": {
        "auroc_a": 0.7665,
        "auroc_b": 0.9323,
        "delta": -0.16580000000000006,
        "delta_ci": [
          -0.23974745204831208,
          -0.0979794610267288
        ],
        "sign_a": -1,
        "sign_b": 1
      },
      "baseline_surprise": {
        "auroc": 0.8475,
        "ci": [
          0.787807198648595,
          0.9043592884383782
        ],
        "sign": -1
      },
      "baseline_v1_cosine": {
        "auroc": 0.8697,
        "ci": [
          0.8169780345064834,
          0.9210959383753501
        ],
        "sign": -1
      },
      "baseline_v2_lowrank32": {
        "auroc": 0.8031,
        "ci": [
          0.731058472625969,
          0.8706019838797011
        ],
        "sign": 1
      },
      "baseline_v2_topk32": {
        "auroc": 0.7985,
        "ci": [
          0.7249560925387596,
          0.8675004512169967
        ],
        "sign": 1
      },