{
  "run_dir": "experiments/v3-main-run/2026-04-26/run-02",
  "sealed_spec": {
    "rank": 1,
    "layer": "final",
    "step": 1,
    "bootstrap_n": 1000,
    "threshold": 0.6,
    "d_F": "lowrank32",
    "residualization": "linear",
    "geometry": "post",
    "columns_label": "post-norm \u0394h / post-norm basis (J_n-consistent)",
    "fisher_col_template": "null_ratio_post_rank{r}",
    "raw_col_template": "null_ratio_raw_post_rank{r}"
  },
  "seed": 20260423,
  "per_model": [
    {
      "model": "Llama-3.2-3B-Instruct-4bit",
      "n": 200,
      "geometry": "post",
      "E18_sealed_rank1_lowrank32": {
        "auroc": 0.8946000000000001,
        "ci": [
          0.8512233788252143,
          0.9301379970464816
        ],
        "sign": 1
      },
      "E18_robust_rank1_topk32": {
        "auroc": 0.9017999999999999,
        "ci": [
          0.8592849877854265,
          0.936195876367554
        ],
        "sign": 1
      },
      "E17_null_bare_rank32": {
        "auroc": 0.5776,
        "ci": [
          0.4909906576038685,
          0.6526312209685953
        ],
        "sign": 1
      },
      "E17_null_bare_rank1": {
        "auroc": 0.8975,
        "ci": [
          0.849747654556403,
          0.9355220136240466
        ],
        "sign": 1
      },
      "E17b_null_raw_rank1": {
        "auroc": 0.6583000000000001,
        "ci": [
          0.5778277827782778,
          0.738251089138119
        ],
        "sign": -1
      },
      "E17b_head_to_head": {
        "auroc_a": 0.8975,
        "auroc_b": 0.6583000000000001,
        "delta": 0.23919999999999986,
        "delta_ci": [
          0.15097160514923674,
          0.3207158695652172
        ],
        "sign_a": 1,
        "sign_b": -1
      },
      "E17b_columns": {
        "fisher": "null_ratio_post_rank1",
        "raw": "null_ratio_raw_post_rank1"
      },
      "baseline_surprise": {
        "auroc": 0.6864,
        "ci": [
          0.6111323729912007,
          0.7601812258094991
        ],
        "sign": 1
      },
      "baseline_v1_cosine": {
        "auroc": 0.671,
        "ci": [
          0.5958646616541354,
          0.7443713722712579
        ],
        "sign": 1
      },
      "baseline_v2_lowrank32": {
        "auroc": 0.8000999999999999,
        "ci": [
          0.7391383057738357,
          0.8592148740684392
        ],
        "sign": 1
      },
      "baseline_v2_topk32": {
        "auroc": 0.8047,
        "ci": [
          0.7439793579357936,
          0.8647137899720305
        ],
        "sign": 1
      },
      "E18_rank_sweep_lowrank32": [
        [
          1,
          0.8946000000000001,
          1
        ],
        [
          2,
          0.842,
          1
        ],
        [
          3,
          0.535,
          1
        ],
        [
          4,
          0.6484000000000001,
          -1
        ],
        [
          5,
          0.6193000000000001,
          -1
        ],
        [
          8,
          0.5500999999999999,
          -1
        ],
        [
          13,
          0.5125000000000001,
          1
        ],
        [
          16,
          0.6654,
          1
        ],
        [
          21,
          0.5905,
          1
        ],
        [
          32,
          0.6658,
          1
        ],
        [
          34,
          0.7035,
          1
        ],
        [
          55,
          0.7816,
          1
        ],
        [
          64,
          0.6679,
          1
        ]
      ]
    },
    {
      "model": "Mistral-7B-Instruct-v0.3-4bit",
      "n": 200,
      "geometry": "post",
      "E18_sealed_rank1_lowrank32": {
        "auroc": 0.8796999999999999,
        "ci": [
          0.8281353217896107,
          0.9214342908617755
        ],
        "sign": 1
      },
      "E18_robust_rank1_topk32": {
        "auroc": 0.8793000000000001,
        "ci": [
          0.8272370133119809,
          0.9214152920021749
        ],
        "sign": 1
      },
      "E17_null_bare_rank32": {
        "auroc": 0.7406,
        "ci": [
          0.6641779473732488,
          0.8151330153455613
        ],
        "sign": -1
      },
      "E17_null_bare_rank1": {
        "auroc": 0.8151,
        "ci": [
          0.7513705482192876,
          0.869155579245248
        ],
        "sign": 1
      },
      "E17b_null_raw_rank1": {
        "auroc": 0.9681,
        "ci": [
          0.9474033453525641,
          0.9857772435897436
        ],
        "sign": 1
      },
      "E17b_head_to_head": {
        "auroc_a": 0.8151,
        "auroc_b": 0.9681,
        "delta": -0.1529999999999999,
        "delta_ci": [
          -0.21442198381496805,
          -0.10088732867099177
        ],
        "sign_a": 1,
        "sign_b": 1
      },
      "E17b_columns": {
        "fisher": "null_ratio_post_rank1",
        "raw": "null_ratio_raw_post_rank1"
      },
      "baseline_surprise": {
        "auroc": 0.5296,
        "ci": [
          0.44230121975908493,
          0.6161985290488372
        ],
        "sign": 1
      },
      "baseline_v1_cosine": {
        "auroc": 0.5449999999999999,
        "ci": [
          0.4577836228078471,
          0.6280064885659065
        ],
        "sign": 1
      },
      "baseline_v2_lowrank32": {
        "auroc": 0.6910000000000001,
        "ci": [
          0.6153901477238468,
          0.7635211538138319
        ],
        "sign": 1
      },
      "baseline_v2_topk32": {
        "auroc": 0.6914,
        "ci": [
          0.61630787515006,
          0.7638239665422526
        ],
        "sign": 1
      },
      "E18_rank_sweep_lowrank32": [
        [
          1,
          0.8796999999999999,
          1
        ],
        [
          2,
          0.8724000000000001,
          1
        ],
        [
          3,
          0.5003000000000001,
          -1
        ],
        [
          4,
          0.6794,
          1
        ],
        [
          5,
          0.6607999999999999,
          1
        ],
        [
          8,
          0.5103,
          1
        ],
        [
          13,
          0.7277,
          1
        ],
        [
          16,
          0.6354,
          1
        ],
        [
          21,
          0.6535,
          1
        ],
        [
          32,
          0.6967,
          -1
        ],
        [
          34,
          0.6829,
          -1
        ],
        [
          55,
          0.8684999999999999,
          1
        ],
        [
          64,
          0.7111000000000001,
          1
        ]
      ]
    },
    {
      "model": "Qwen2.5-7B-Instruct-4bit",
      "n": 200,
      "geometry": "post",
      "E18_sealed_rank1_lowrank32": {
        "auroc": 0.6687000000000001,
        "ci": [
          0.594539013193956,
          0.7401653796805755
        ],
        "sign": 1
      },
      "E18_robust_rank1_topk32": {
        "auroc": 0.6607,
        "ci": [
          0.5823202670163171,
          0.7336706498889866
        ],
        "sign": 1
      },
      "E17_null_bare_rank32": {
        "auroc": 0.9601,
        "ci": [
          0.9193661682339501,
          0.9900990346534654
        ],
        "sign": -1
      },
      "E17_null_bare_rank1": {
        "auroc": 0.9008,
        "ci": [
          0.8529002731070535,
          0.9396011999333213
        ],
        "sign": 1
      },
      "E17b_null_raw_rank1": {
        "auroc": 0.7513000000000001,
        "ci": [
          0.6732172956611043,
          0.8266717225394772
        ],
        "sign": -1
      },
      "E17b_head_to_head": {
        "auroc_a": 0.9008,
        "auroc_b": 0.7513000000000001,
        "delta": 0.14949999999999997,
        "delta_ci": [
          0.10043651756387512,
          0.20090212064114155
        ],
        "sign_a": 1,
        "sign_b": -1
      },
      "E17b_columns": {
        "fisher": "null_ratio_post_rank1",
        "raw": "null_ratio_raw_post_rank1"
      },
      "baseline_surprise": {
        "auroc": 0.8475,