{
  "run_dir": "experiments/v3-main-run/2026-04-22/run-02",
  "sealed_spec": {
    "rank": 1,
    "layer": "final",
    "step": 1,
    "bootstrap_n": 1000,
    "threshold": 0.6,
    "d_F": "lowrank32",
    "residualization": "linear"
  },
  "seed": 20260423,
  "per_model": [
    {
      "model": "Llama-3.2-3B-Instruct-4bit",
      "n": 200,
      "E18_sealed_rank1_lowrank32": {
        "auroc": 0.8593,
        "ci": [
          0.803190707070707,
          0.9091697964811559
        ],
        "sign": 1
      },
      "E18_robust_rank1_topk32": {
        "auroc": 0.8618,
        "ci": [
          0.8047878826359929,
          0.9116328631558459
        ],
        "sign": 1
      },
      "E17_null_bare_rank32": {
        "auroc": 0.5806000000000001,
        "ci": [
          0.5071688023516872,
          0.6611199510403917
        ],
        "sign": 1
      },
      "E17_null_bare_rank1": {
        "auroc": 0.7992,
        "ci": [
          0.7320215637521641,
          0.857087875488665
        ],
        "sign": 1
      },
      "E17b_null_raw_rank1": null,
      "E17b_head_to_head": null,
      "baseline_surprise": {
        "auroc": 0.6483,
        "ci": [
          0.5787377498845468,
          0.7257825782578258
        ],
        "sign": 1
      },
      "baseline_v1_cosine": {
        "auroc": 0.6344,
        "ci": [
          0.5653105593008965,
          0.7118067801780178
        ],
        "sign": 1
      },
      "baseline_v2_lowrank32": {
        "auroc": 0.7673,
        "ci": [
          0.7005676994969464,
          0.8350552577319588
        ],
        "sign": 1
      },
      "baseline_v2_topk32": {
        "auroc": 0.7687999999999999,
        "ci": [
          0.7034099544336091,
          0.8340058838079714
        ],
        "sign": 1
      },
      "E18_rank_sweep_lowrank32": [
        [
          1,
          0.8593,
          1
        ],
        [
          2,
          0.5227999999999999,
          1
        ],
        [
          3,
          0.5825,
          -1
        ],
        [
          4,
          0.7035,
          -1
        ],
        [
          5,
          0.7091,
          -1
        ],
        [
          8,
          0.6905,
          -1
        ],
        [
          13,
          0.54,
          -1
        ],
        [
          16,
          0.5113000000000001,
          1
        ],
        [
          21,
          0.5291,
          1
        ],
        [
          32,
          0.5026,
          1
        ],
        [
          34,
          0.6319999999999999,
          1
        ],
        [
          55,
          0.7632999999999999,
          1
        ],
        [
          64,
          0.5969,
          1
        ]
      ]
    },
    {
      "model": "Mistral-7B-Instruct-v0.3-4bit",
      "n": 200,
      "E18_sealed_rank1_lowrank32": {
        "auroc": 0.8638,
        "ci": [
          0.8115867870556126,
          0.9106390686617956
        ],
        "sign": 1
      },
      "E18_robust_rank1_topk32": {
        "auroc": 0.8638,
        "ci": [
          0.8115867870556126,
          0.9106390686617956
        ],
        "sign": 1
      },
      "E17_null_bare_rank32": {
        "auroc": 0.5173,
        "ci": [
          0.43364796099599257,
          0.5969642849471618
        ],
        "sign": -1
      },
      "E17_null_bare_rank1": {
        "auroc": 0.8214,
        "ci": [
          0.758892911856513,
          0.8699944051056091
        ],
        "sign": 1
      },
      "E17b_null_raw_rank1": null,
      "E17b_head_to_head": null,
      "baseline_surprise": {
        "auroc": 0.5464,
        "ci": [
          0.46518767521927373,
          0.6134263226464264
        ],
        "sign": 1
      },
      "baseline_v1_cosine": {
        "auroc": 0.5583,
        "ci": [
          0.47680486393707905,
          0.6253134637296754
        ],
        "sign": 1
      },
      "baseline_v2_lowrank32": {
        "auroc": 0.6998,
        "ci": [
          0.6285345048443529,
          0.7671029511278196
        ],
        "sign": 1
      },
      "baseline_v2_topk32": {
        "auroc": 0.7004999999999999,
        "ci": [
          0.6288337987986784,
          0.7677654831172747
        ],
        "sign": 1
      },
      "E18_rank_sweep_lowrank32": [
        [
          1,
          0.8638,
          1
        ],
        [
          2,
          0.8731,
          1
        ],
        [
          3,
          0.5223,
          1
        ],
        [
          4,
          0.7154,
          1
        ],
        [
          5,
          0.7444,
          1
        ],
        [
          8,
          0.6764,
          1
        ],
        [
          13,
          0.9449000000000001,
          1
        ],
        [
          16,
          0.8906,
          1
        ],
        [
          21,
          0.8854000000000001,
          1
        ],
        [
          32,
          0.5049999999999999,
          1
        ],
        [
          34,
          0.5509999999999999,
          1
        ],
        [
          55,
          0.9481999999999999,
          1
        ],
        [
          64,
          0.8976999999999999,
          1
        ]
      ]
    },
    {
      "model": "Qwen2.5-7B-Instruct-4bit",
      "n": 200,
      "E18_sealed_rank1_lowrank32": {
        "auroc": 0.7273999999999999,
        "ci": [
          0.6558589468946895,
          0.7929588248040462
        ],
        "sign": 1
      },
      "E18_robust_rank1_topk32": {
        "auroc": 0.7221,
        "ci": [
          0.6479491796718688,
          0.7888653996062797
        ],
        "sign": 1
      },
      "E17_null_bare_rank32": {
        "auroc": 0.9532,
        "ci": [
          0.91886762517507,
          0.9799366027176366
        ],
        "sign": -1
      },
      "E17_null_bare_rank1": {
        "auroc": 0.7575000000000001,
        "ci": [
          0.6752918292729965,
          0.8342846859715983
        ],
        "sign": -1
      },
      "E17b_null_raw_rank1": null,
      "E17b_head_to_head": null,
      "baseline_surprise": {
        "auroc": 0.9133,
        "ci": [
          0.8676473737213939,
          0.9516695504943922
        ],
        "sign": -1
      },
      "baseline_v1_cosine": {
        "auroc": 0.9311,
        "ci": [
          0.8901102572299823,
          0.9639734459696472
        ],
        "sign": -1
      },
      "baseline_v2_lowrank32": {
        "auroc": 0.7802,
        "ci": [
          0.6977793028932121,
          0.8532886843100951
        ],
        "sign": 1
      },
      "baseline_v2_topk32": {
        "auroc": 0.7762,
        "ci": [
          0.6932853095697292,
          0.850072241817029
        ],
        "sign": 1
      },
      "E18_rank_sweep_lowrank32": [
        [
          1,
          0.7273999999999999,
          1
        ],
        [
          2,
          0.7284999999999999,
          1
        ],
        [
          3,
          0.7081,
          1
        ],
        [
          4,
          0.7491,
          1
        ],
        [
          5,
          0.6847000000000001,
          1
        ],
        [
          8,
          0.6435,
          1
        ],
        [
          13,
          0.5201,
          1
        ],
        [
          16,
          0.6704,
          -1
        ],
        [
          21,
          0.847,
          -1
        ],
        [
          32,
          0.8169,
          -1
        ],
        [
          34,
          0.7837,
          -1
        ],
        [
          55,
          0.5124,
          1
        ],
        [
          64,
          0.5577000000000001,
          -1
        ]
      ]
    }
  ],
  "missing": [],
  "e18_gate": {
    "passes": 3,
    "n_primaries": 3,
    "verdict": "PASS"
  }
}