{
  "run_dir": "/Users/msrk/Documents/PRI_at_commitment/experiments/v3-main-run/2026-04-26/run-09",
  "sealed_spec": {
    "rank": 1,
    "layer": "final",
    "step": 1,
    "bootstrap_n": 1000,
    "threshold": 0.6,
    "d_F": "lowrank32",
    "residualization": "linear",
    "geometry": "post",
    "columns_label": "post-norm \u0394h / post-norm basis (J_n-consistent)",
    "fisher_col_template": "null_ratio_post_rank{r}",
    "raw_col_template": "null_ratio_raw_post_rank{r}"
  },
  "seed": 20260423,
  "per_model": [
    {
      "model": "Llama-3.2-3B-Instruct-4bit",
      "n": 600,
      "geometry": "post",
      "E18_sealed_rank1_lowrank32": {
        "auroc": 0.8712555555555554,
        "ci": [
          0.8420465242079763,
          0.8958344545254361
        ],
        "sign": 1
      },
      "E18_robust_rank1_topk32": {
        "auroc": 0.8777666666666667,
        "ci": [
          0.849974322298514,
          0.9019242370853542
        ],
        "sign": 1
      },
      "E17_null_bare_rank32": {
        "auroc": 0.5851555555555555,
        "ci": [
          0.5376252133654708,
          0.627013879626744
        ],
        "sign": 1
      },
      "E17_null_bare_rank1": {
        "auroc": 0.8963444444444445,
        "ci": [
          0.8698370078610607,
          0.9206907282738567
        ],
        "sign": 1
      },
      "E17b_null_raw_rank1": {
        "auroc": 0.6243222222222222,
        "ci": [
          0.5798511331838873,
          0.6688125597217597
        ],
        "sign": -1
      },
      "E17b_head_to_head": {
        "auroc_a": 0.8963444444444445,
        "auroc_b": 0.6243222222222222,
        "delta": 0.2720222222222223,
        "delta_ci": [
          0.22172182632766735,
          0.3197797995890638
        ],
        "sign_a": 1,
        "sign_b": -1
      },
      "E17b_columns": {
        "fisher": "null_ratio_post_rank1",
        "raw": "null_ratio_raw_post_rank1"
      },
      "baseline_surprise": {
        "auroc": 0.6346888888888889,
        "ci": [
          0.5918472899319409,
          0.6755814329872784
        ],
        "sign": 1
      },
      "baseline_v1_cosine": {
        "auroc": 0.6224333333333334,
        "ci": [
          0.5786443130012723,
          0.6636876973714269
        ],
        "sign": 1
      },
      "baseline_v2_lowrank32": {
        "auroc": 0.7499777777777777,
        "ci": [
          0.7108464063665775,
          0.787156481035537
        ],
        "sign": 1
      },
      "baseline_v2_topk32": {
        "auroc": 0.7527777777777778,
        "ci": [
          0.7142214601560323,
          0.7899433839646817
        ],
        "sign": 1
      },
      "E18_rank_sweep_lowrank32": [
        [
          1,
          0.8712555555555554,
          1
        ],
        [
          2,
          0.8636444444444444,
          1
        ],
        [
          3,
          0.6168222222222223,
          1
        ],
        [
          4,
          0.6507222222222222,
          -1
        ],
        [
          5,
          0.6451888888888889,
          -1
        ],
        [
          8,
          0.5806777777777778,
          -1
        ],
        [
          13,
          0.5036111111111111,
          1
        ],
        [
          16,
          0.684288888888889,
          1
        ],
        [
          21,
          0.5777333333333334,
          1
        ],
        [
          32,
          0.6705222222222222,
          1
        ],
        [
          34,
          0.7107444444444444,
          1
        ],
        [
          55,
          0.7997666666666665,
          1
        ],
        [
          64,
          0.641688888888889,
          1
        ]
      ]
    },
    {
      "model": "Mistral-7B-Instruct-v0.3-4bit",
      "n": 600,
      "geometry": "post",
      "E18_sealed_rank1_lowrank32": {
        "auroc": 0.8707222222222223,
        "ci": [
          0.8449787872236917,
          0.8969436181197848
        ],
        "sign": 1
      },
      "E18_robust_rank1_topk32": {
        "auroc": 0.8702444444444446,
        "ci": [
          0.8439832615407256,
          0.8965605009857824
        ],
        "sign": 1
      },
      "E17_null_bare_rank32": {
        "auroc": 0.7394333333333334,
        "ci": [
          0.6974962798254597,
          0.7816250806451612
        ],
        "sign": -1
      },
      "E17_null_bare_rank1": {
        "auroc": 0.7848999999999999,
        "ci": [
          0.7473716659158868,
          0.8200349838846377
        ],
        "sign": 1
      },
      "E17b_null_raw_rank1": {
        "auroc": 0.9254,
        "ci": [
          0.9054488112694011,
          0.9445298131730465
        ],
        "sign": 1
      },
      "E17b_head_to_head": {
        "auroc_a": 0.7848999999999999,
        "auroc_b": 0.9254,
        "delta": -0.14050000000000007,
        "delta_ci": [
          -0.17262162690509603,
          -0.10671629304482282
        ],
        "sign_a": 1,
        "sign_b": 1
      },
      "E17b_columns": {
        "fisher": "null_ratio_post_rank1",
        "raw": "null_ratio_raw_post_rank1"
      },
      "baseline_surprise": {
        "auroc": 0.5187111111111111,
        "ci": [
          0.47441718234275804,
          0.5649195175615861
        ],
        "sign": 1
      },
      "baseline_v1_cosine": {
        "auroc": 0.5309,
        "ci": [
          0.48670669028870717,
          0.5770252371905493
        ],
        "sign": 1
      },
      "baseline_v2_lowrank32": {
        "auroc": 0.6618333333333333,
        "ci": [
          0.6195345855369803,
          0.7062230181332352
        ],
        "sign": 1
      },
      "baseline_v2_topk32": {
        "auroc": 0.6623444444444445,
        "ci": [
          0.6200785753446116,
          0.7068037357880359
        ],
        "sign": 1
      },
      "E18_rank_sweep_lowrank32": [
        [
          1,
          0.8707222222222223,
          1
        ],
        [
          2,
          0.8677666666666668,
          1
        ],
        [
          3,
          0.5207333333333333,
          -1
        ],
        [
          4,
          0.6522111111111111,
          1
        ],
        [
          5,
          0.6690888888888888,
          1
        ],
        [
          8,
          0.5373444444444444,
          1
        ],
        [
          13,
          0.7401777777777778,
          1
        ],
        [
          16,
          0.6461222222222223,
          1
        ],
        [
          21,
          0.6446,
          1
        ],
        [
          32,
          0.7100444444444445,
          -1
        ],
        [
          34,
          0.6917666666666666,
          -1
        ],
        [
          55,
          0.8910888888888889,
          1
        ],
        [
          64,
          0.7002222222222223,
          1
        ]
      ]
    },
    {
      "model": "Qwen2.5-7B-Instruct-4bit",
      "n": 600,
      "geometry": "post",
      "E18_sealed_rank1_lowrank32": {
        "auroc": 0.6468,
        "ci": [
          0.6034653327446651,
          0.6906332911477425
        ],
        "sign": 1
      },
      "E18_robust_rank1_topk32": {
        "auroc": 0.6357222222222222,
        "ci": [
          0.5912661012978445,
          0.6796706717447655
        ],
        "sign": 1
      },
      "E17_null_bare_rank32": {
        "auroc": 0.9771777777777778,
        "ci": [
          0.9603215908507687,
          0.9893181475200803
        ],
        "sign": -1
      },
      "E17_null_bare_rank1": {
        "auroc": 0.8966999999999999,
        "ci": [
          0.8702868662122895,
          0.9206164736587876
        ],
        "sign": 1
      },
      "E17b_null_raw_rank1": {
        "auroc": 0.7396444444444444,
        "ci": [
          0.693290347870626,
          0.7868737597417593
        ],
        "sign": -1
      },
      "E17b_head_to_head": {
        "auroc_a": 0.8966999999999999,
        "auroc_b": 0.7396444444444444,
        "delta": 0.1570555555555555,